{
  "timestamp": "2026-02-07T00:03:19.768225",
  "contributions": {
    "total_flow": -10.142550000000004,
    "total_emergency": -0.07199999999999998,
    "total_truck": -0.012449999999999996,
    "total_car": -0.5327000000000001,
    "total_reward": -10.7597,
    "flow_pct": 94.26424528564924,
    "emergency_pct": 0.6691636383914046,
    "truck_pct": 0.11570954580518039,
    "car_pct": 4.950881530154186
  }
}